positionName,workYear,education,jobNature,financeStage,industryField,companyShortName,companyFullName,city,salary,district,createTime,positionLables,companySize,firstType,secondType,isSchoolJob
Python爬虫开发工程师,1-3年,大专,全职,不需要融资,"数据服务,企业服务",艾瑞集团,上海艾瑞市场咨询股份有限公司,北京,15k-30k,朝阳区,2018-07-12 19:11:21,[],150-500人,开发|测试|运维类,数据开发,0
python(爬虫方向)工程师(J11045),1-3年,大专,全职,C轮,教育,传智播客,北京传智播客教育科技有限公司,北京,15k-22k,昌平区,2018-07-03 09:39:15,[],500-2000人,开发|测试|运维类,后端开发,0
Python开发工程师,1-3年,大专,全职,不需要融资,游戏,智水互娱,北京智水互娱科技有限公司,北京,20k-40k,东城区,2018-07-19 08:12:44,"['Java', '对日']",15-50人,开发/测试/运维类,后端开发,0
Python工程师,1-3年,大专,全职,B轮,数据服务,好巧,北京好巧国际旅行社有限公司,北京,15k-25k,朝阳区,2018-07-19 08:59:31,['Java'],150-500人,开发/测试/运维类,后端开发,0
python开发工程师,1-3年,大专,全职,未融资,移动互联网,壕鑫互联,壕鑫互联（北京）网络科技有限公司,北京,15k-25k,海淀区,2018-07-19 11:57:09,"['高级', '中级', '架构师', '爬虫', '服务器端']",50-150人,开发/测试/运维类,后端开发,0
爬虫工程师,1-3年,大专,全职,不需要融资,教育、移动互联网,世纪超星,北京世纪超星信息技术发展有限责任公司,北京,5k-6k,海淀区,2018-07-19 09:34:54,"['数据挖掘', 'Java', 'python']",2000人以上,开发/测试/运维类,数据开发,0
Python高级开发,1-3年,大专,全职,A轮,"移动互联网,教育",音悦荚,北京音悦荚科技有限责任公司,北京,15k-30k,昌平区,2018-07-12 11:44:51,"['资深', '后端开发', '数据分析', '服务器端']",15-50人,开发/测试/运维类,后端开发,0
python开发工程师,1-3年,大专,全职,不需要融资,移动互联网,币信,北京势在必行网络科技有限公司,北京,15k-30k,海淀区,2018-07-19 10:38:52,"['高级', 'php']",50-150人,开发/测试/运维类,软件开发,0
python开发工程师,1-3年,大专,全职,天使轮,"移动互联网,文化娱乐",时阅文学,北京时阅东方文化传媒有限公司,北京,10k-20k,通州区,2018-07-06 09:00:10,"['php', 'Java']",50-150人,开发/测试/运维类,后端开发,0
Python开发工程师,1-3年,大专,全职,天使轮,"移动互联网,金融",云量科技,云量科技（北京）有限责任公司,北京,10k-15k,朝阳区,2018-06-19 14:37:16,"['金融', 'MySQL', '数据库', '量化']",15-50人,开发/测试/运维类,后端开发,0
Python,1-3年,大专,全职,不需要融资,"移动互联网,数据服务",聚微,北京聚微合智信息技术有限公司,北京,12k-24k,,2018-07-06 18:21:36,"['Java', 'Ruby', '高级', '初级', '中级']",50-150人,技术,后端开发,0
爬虫工程师,1-3年,大专,全职,天使轮,"金融,数据服务",比特智盈,北京比特智盈科技有限公司,北京,15k-25k,东城区,2018-07-16 21:50:13,"['中级', 'Java', '大数据']",15-50人,开发/测试/运维类,后端开发,0
网络爬虫工程师,1-3年,大专,全职,A轮,"移动互联网,企业服务",互融时代,北京互融时代软件有限公司,北京,15k-20k,朝阳区,2018-07-10 18:16:47,"['资深', '高级', '软件开发', '大数据', '数据挖掘']",150-500人,开发/测试/运维类,软件开发,0
服务器运维及爬虫工程师,1-3年,大专,全职,未融资,招聘,中汇法通,中汇法通（北京）知识产权咨询服务有限公司,北京,7k-14k,朝阳区,2018-06-27 11:53:53,"['信息安全', '大数据', 'linux', '数据库', '系统工程师']",15-50人,开发/测试/运维类,运维安全,0
爬虫工程师（JAVA）,1-3年,大专,全职,未融资,"信息安全,数据服务",中胜信用,中胜信用管理有限公司,北京,10k-15k,朝阳区,2018-06-29 10:50:23,"['数据挖掘', '大数据', '架构', 'python']",50-150人,开发/测试/运维类,数据开发,0
python研发工程师(J11045),1-3年,大专,全职,C轮,教育,传智播客,北京传智播客教育科技有限公司,北京,10k-20k,昌平区,2018-06-29 15:43:45,"['爬虫', 'Java']",500-2000人,开发/测试/运维类,后端开发,0
Python爬虫工程师,1-3年,本科,全职,不需要融资,移动互联网,NewsJet,北京智分科技有限公司,北京,20k-40k,海淀区,2018-07-19 10:48:56,"['算法', '数据挖掘', 'NLP']",50-150人,开发/测试/运维类,数据开发,0
python爬虫工程师,1-3年,本科,全职,未融资,"移动互联网,文化娱乐",艺富,北京艺富科技有限公司,北京,10k-18k,昌平区,2018-07-19 09:20:26,['后端开发'],15-50人,开发|测试|运维类,后端开发,0
python 爬虫开发工程师,1-3年,本科,全职,A轮,移动互联网,有路网,北京有路前行科技发展有限公司,北京,10k-20k,朝阳区,2018-07-17 14:20:18,['Java'],50-150人,开发/测试/运维类,后端开发,0
Python爬虫工程师,1-3年,本科,全职,A轮,数据服务,造数,北京造数科技有限公司,北京,15k-30k,朝阳区,2018-07-17 15:34:21,"['大数据', 'Java']",15-50人,开发/测试/运维类,后端开发,0
python爬虫工程师,1-3年,本科,全职,B轮,教育、移动互联网,极课大数据,江苏曲速教育科技有限公司,北京,10k-16k,朝阳区,2018-07-17 13:40:25,"['高级', '中级', 'Java']",150-500人,开发/测试/运维类,后端开发,0
python开发工程师,1-3年,本科,全职,B轮,"移动互联网,金融",老虎证券,北京优虎商务服务有限公司,北京,20k-40k,朝阳区,2018-07-19 16:21:38,"['金融', '后端开发']",150-500人,开发/测试/运维类,后端开发,0
Python开发工程师,1-3年,本科,全职,不需要融资,移动互联网,iHandy,北京汉迪移动互联网科技股份有限公司,北京,15k-30k,海淀区,2018-07-19 09:54:38,"['移动互联网', '服务器端', 'php', 'django']",150-500人,开发/测试/运维类,后端开发,0
Python工程师,1-3年,本科,全职,天使轮,企业服务 数据服务,星云Clustar,北京瀚海星云科技有限公司,北京,15k-30k,朝阳区,2018-07-19 15:28:31,"['云计算', 'linux', 'Java', 'Go', 'golang']",15-50人,开发/测试/运维类,后端开发,0
Python工程师,1-3年,本科,全职,A轮,"企业服务,数据服务",云脑科技,杭州云脑科技有限公司,北京,10k-20k,朝阳区,2018-07-17 18:44:41,"['算法', '机器学习']",15-50人,开发/测试/运维类,后端开发,0
Python工程师,1-3年,本科,全职,C轮,"移动互联网,硬件",Face++,北京旷视科技有限公司,北京,20k-40k,海淀区,2018-07-19 10:16:19,"['中级', '后端', 'django']",500-2000人,开发/测试/运维类,后端开发,0
Python工程师,1-3年,本科,全职,不需要融资,"移动互联网,游戏",乐元素游戏,乐元素科技（北京）股份有限公司,北京,15k-25k,海淀区,2018-07-19 15:05:50,[],500-2000人,开发|测试|运维类,后端开发,0
基础平台开发-python,1-3年,本科,全职,D轮及以上,移动互联网,一点资讯,一点网聚科技有限公司,北京,25k-30k,朝阳区,2018-07-19 14:23:48,"['云计算', 'node.js', 'Java', 'redis']",500-2000人,开发/测试/运维类,后端开发,0
Python研发工程师,1-3年,本科,全职,A轮,"移动互联网,硬件",库神,北京库神信息技术有限公司,北京,16k-32k,海淀区,2018-07-19 10:43:20,[],50-150人,开发|测试|运维类,后端开发,0
Python开发工程师,1-3年,本科,全职,B轮,移动互联网,下厨房,北京下厨房科技有限公司,北京,15k-25k,海淀区,2018-07-19 14:02:06,"['中级', '初级', 'js', 'OpenStack']",50-150人,开发/测试/运维类,后端开发,0
Python工程师,1-3年,本科,全职,B轮,"移动互联网,教育",学堂在线,北京慕华信息科技有限公司,北京,15k-25k,海淀区,2018-07-19 10:27:49,['教育'],150-500人,技术,后端开发,0
Python 开发工程师,1-3年,本科,全职,D轮及以上,"移动互联网,社交网络",知乎,北京智者天下科技有限公司,北京,18k-36k,海淀区,2018-07-18 14:22:22,"['信息安全', 'Java', 'web']",500-2000人,开发/测试/运维类,后端开发,0
Python开发工程师,1-3年,本科,全职,不需要融资,"移动互联网 ,企业服务",瞬联软件科技（北京）有限公司,瞬联软件科技（北京）有限公司,北京,10k-20k,朝阳区,2018-07-19 14:39:28,"['软件开发', 'django']",500-2000人,开发/测试/运维类,软件开发,0
Python,1-3年,本科,全职,C轮,O2O,瓜子二手车直卖网,车好多旧机动车经纪(北京)有限公司,北京,20k-30k,,2018-07-19 10:29:21,['汽车'],2000人以上,技术,后端开发,0
Python,1-3年,本科,全职,天使轮,"金融,企业服务",程创科技,程创（北京）科技有限公司,北京,15k-20k,海淀区,2018-07-19 11:16:47,"['金融', '数据分析', '大数据', '量化']",少于15人,开发/测试/运维类,数据开发,0
Python开发工程师,1-3年,本科,全职,D轮及以上,移动互联网,一点资讯,一点网聚科技有限公司,北京,20k-40k,朝阳区,2018-07-19 14:23:52,[],500-2000人,开发/测试/运维类,后端开发,0
Python开发工程师-变现业务,1-3年,本科,全职,C轮,"移动互联网,数据服务",字节跳动,北京字节跳动科技有限公司,北京,25k-40k,海淀区,2018-07-19 09:30:41,['后端开发'],2000人以上,开发/测试/运维类,后端开发,0
Python工程师,1-3年,本科,全职,天使轮,"企业服务,移动互联网",齿轮易创,北京齿轮易创科技有限公司,北京,13k-25k,朝阳区,2018-07-19 11:12:12,"['后端开发', '运维', '全栈', 'Ruby', 'GO']",50-150人,开发/测试/运维类,后端开发,0
Python后端开发工程师,1-3年,本科,全职,B轮,教育,柔持英语,柔持（北京）科技有限公司,北京,20k-30k,朝阳区,2018-07-19 15:07:19,"['高级', '中级', '初级', 'Java', 'php']",150-500人,开发/测试/运维类,后端开发,0
Python开发工程师,1-3年,本科,全职,不需要融资,移动互联网,去哪儿网,北京趣拿软件科技有限公司,北京,15k-30k,海淀区,2018-07-18 10:48:40,"['Java', 'MySQL']",2000人以上,开发/测试/运维类,后端开发,0
产品经理（数据方向 会R/Python）,1-3年,本科,全职,不需要融资,金融,有利网,北京弘合柏基金融信息服务有限责任公司,北京,8k-12k,海淀区,2018-07-19 10:11:17,"['金融', '中级', '数据分析', '大数据', '数据挖掘']",2000人以上,开发/测试/运维类,数据开发,0
高级python开发工程师,1-3年,本科,全职,A轮,"移动互联网,金融",她理财,北京新工场投资顾问有限公司,北京,15k-30k,朝阳区,2018-07-19 10:08:11,['golang'],50-150人,技术,后端开发,0
Python 工程师,1-3年,本科,全职,A轮,金融,况客科技,况客科技(北京)有限公司,北京,15k-30k,朝阳区,2018-07-04 16:29:05,"['后端开发', 'Node.js']",15-50人,开发/测试/运维类,后端开发,0
python攻城狮,1-3年,本科,全职,天使轮,"移动互联网,硬件",罗威亚科技,北京罗威亚科技有限公司,北京,9k-15k,大兴区,2018-07-19 14:58:00,"['云计算', '中级', '初级', 'MySQL', 'golang']",15-50人,开发/测试/运维类,后端开发,0
Python高级开发工程师,1-3年,本科,全职,B轮,旅游,妙计旅行,北京汇行科技有限公司,北京,15k-25k,东城区,2018-07-17 11:11:13,"['大数据', 'Java', '算法', '爬虫']",150-500人,开发/测试/运维类,后端开发,0
python开发工程师,1-3年,本科,全职,A轮,"金融,数据服务",标准普惠,颐月信息技术（北京）有限公司,北京,15k-25k,朝阳区,2018-07-18 11:16:42,"['信息安全', '借贷', 'php', 'Ruby']",15-50人,开发/测试/运维类,后端开发,0
python开发工程师,1-3年,本科,全职,C轮,"移动互联网,数据服务",字节跳动,北京字节跳动科技有限公司,北京,20k-40k,海淀区,2018-07-19 15:21:46,['后端开发'],2000人以上,开发/测试/运维类,后端开发,0
Python高级开发工程师,1-3年,本科,全职,B轮,旅游,妙计旅行,北京汇行科技有限公司,北京,10k-20k,东城区,2018-07-17 11:11:07,"['Java', '分布式', '架构']",150-500人,开发/测试/运维类,后端开发,0
高级Python开发工程师,1-3年,本科,全职,上市公司,"数据服务,企业服务",Gridsum 国双,北京国双科技有限公司,北京,12k-24k,海淀区,2018-07-18 16:01:35,['linux'],500-2000人,开发/测试/运维类,后端开发,0
Python开发工程师(J10644),1-3年,本科,全职,不需要融资,医疗健康,北大医信,北大医疗信息技术有限公司,北京,10k-18k,海淀区,2018-07-19 10:53:41,"['软件开发', '大数据']",500-2000人,开发/测试/运维类,软件开发,0
python开发工程师,1-3年,本科,全职,不需要融资,"移动互联网,数据服务",智影,北京源石智影科技有限公司,北京,15k-20k,朝阳区,2018-07-19 09:18:11,"['中级', '后端开发']",50-150人,开发/测试/运维类,后端开发,0
Python开发工程师,1-3年,本科,全职,上市公司,文化娱乐,新浪网,新浪网技术（中国）有限公司,北京,13k-26k,海淀区,2018-07-19 10:18:05,"['Java', '架构']",2000人以上,开发/测试/运维类,后端开发,0
Python开发工程师,1-3年,本科,全职,A轮,"移动互联网,教育",合心科技,北京启明合心科技有限公司,北京,20k-35k,海淀区,2018-07-19 10:11:23,"['大数据', '后端']",15-50人,技术,后端开发,0
中级python,1-3年,本科,全职,不需要融资,金融,有利网,北京弘合柏基金融信息服务有限责任公司,北京,15k-25k,朝阳区,2018-07-15 22:43:00,[],2000人以上,开发|测试|运维类,后端开发,0
python开发工程师,1-3年,本科,全职,未融资,"移动互联网,其他",东信北邮,杭州东信北邮信息技术有限公司,北京,10k-15k,海淀区,2018-07-17 09:42:36,"['旅游', '媒体', '软件开发', 'Java', 'MySQL']",500-2000人,开发/测试/运维类,软件开发,0
Python WEB 开发工程师,1-3年,本科,全职,不需要融资,"企业服务,数据服务",牛顿Newton,北京自造星球科技有限公司,北京,10k-20k,朝阳区,2018-07-16 11:47:36,['前端'],50-150人,技术,后端开发,0
Python后端开发工程师,1-3年,本科,全职,A轮,"移动互联网,社交网络",66game,北京有三逗科技有限公司,北京,20k-40k,朝阳区,2018-07-17 21:08:36,[],15-50人,开发/测试/运维类,后端开发,0
python开发实习生,1年以下,本科,全职,不需要融资,"企业服务,数据服务",天润融通,北京天润融通科技有限公司,北京,4k-8k,大兴区,2018-07-19 09:12:35,"['Java', 'php']",150-500人,开发/测试/运维类,后端开发,0
python研发工程师,1-3年,本科,全职,B轮,"企业服务,数据服务",数美,北京数美时代科技有限公司,北京,15k-30k,朝阳区,2018-07-17 18:20:43,"['大数据', '数据挖掘']",150-500人,开发/测试/运维类,后端开发,0
算法开发工程师（Python）,1-3年,本科,全职,B轮,移动互联网,商汤科技,北京市商汤科技开发有限公司,北京,20k-40k,海淀区,2018-07-19 11:58:47,"['视频', '机器学习']",500-2000人,开发/测试/运维类,数据开发,0
中级 Python工程师,1-3年,本科,全职,B轮,"移动互联网,教育",新东方教育行业研究院,北京点石经纬科技有限公司,北京,10k-20k,海淀区,2018-06-25 19:14:49,"['初级', 'Java', '架构']",150-500人,开发/测试/运维类,后端开发,0
Python研发工程师,1-3年,本科,全职,B轮,旅游,妙计旅行,北京汇行科技有限公司,北京,8k-16k,东城区,2018-07-17 11:11:12,"['爬虫', '大数据', '算法']",150-500人,开发/测试/运维类,后端开发,0
运维开发工程师（精通Python）,1-3年,本科,全职,上市公司,"数据服务,企业服务",Gridsum 国双,北京国双科技有限公司,北京,12k-20k,海淀区,2018-07-18 16:01:35,"['大数据', 'linux']",500-2000人,开发/测试/运维类,运维安全,0
高级python研发工程师,1-3年,本科,全职,C轮,"移动互联网,数据服务",字节跳动,北京字节跳动科技有限公司,北京,20k-40k,海淀区,2018-07-16 16:07:38,['后端开发'],2000人以上,开发/测试/运维类,后端开发,0
Python工程师-机器学习方向,1-3年,本科,全职,未融资,"移动互联网,企业服务",曜辉科技,北京曜辉信息科技有限公司,北京,20k-35k,朝阳区,2018-07-18 11:33:15,"['中级', '大数据', '数据挖掘', '算法']",15-50人,开发/测试/运维类,数据开发,0
Python研发工程师,1-3年,本科,全职,天使轮,"移动互联网,社交网络",江山如画网络科技,北京江山如画网路科技有限责任公司,北京,5k-10k,海淀区,2018-07-19 14:47:24,[],少于15人,技术,后端开发,0
服务端Python工程师,1-3年,本科,全职,上市公司,"移动互联网,游戏",360,奇虎360科技有限公司,北京,15k-20k,朝阳区,2018-07-16 11:04:52,"['信息安全', '软件开发', 'linux', 'Java']",2000人以上,开发/测试/运维类,软件开发,0
Python研发工程师（数据）,1-3年,本科,全职,上市公司,移动互联网,掌阅,掌阅科技股份有限公司,北京,20k-30k,朝阳区,2018-07-19 11:51:20,"['搜索', '算法', '机器学习', '推荐', 'Java', 'redis']",500-2000人,开发/测试/运维类,数据开发,0
Python后端工程师,1-3年,本科,全职,A轮,"移动互联网,教育",在行,北京我最在行信息技术有限公司,北京,15k-30k,朝阳区,2018-07-16 10:16:26,"['php', 'Ruby', 'django']",50-150人,开发/测试/运维类,后端开发,0
爬虫工程师,1-3年,本科,全职,A轮,游戏,Max+&小黑盒,清枫（北京）科技有限公司,北京,18k-30k,朝阳区,2018-07-19 10:06:16,"['游戏', '高级', 'Java', 'python']",50-150人,开发/测试/运维类,后端开发,0
python／openstack 开发工程师,1-3年,本科,全职,不需要融资,"数据服务,企业服务",启迪云,启迪云计算有限公司,北京,15k-30k,东城区,2018-07-18 18:42:44,"['云计算', 'IAAS']",50-150人,开发|测试|运维类,后端开发,0
python后台开发工程师,1-3年,本科,全职,D轮及以上,"数据服务,企业服务",鲸准,北京创业光荣信息科技有限责任公司,北京,20k-40k,朝阳区,2018-07-09 17:31:12,"['金融', '服务器端']",150-500人,开发/测试/运维类,后端开发,0
Python 游戏服务端开发,1-3年,本科,全职,A轮,"移动互联网,游戏",微笑科技,北京微笑科技有限公司,北京,20k-25k,海淀区,2018-07-19 11:04:27,"['游戏开发', 'Java', '后端', '手游']",50-150人,开发/测试/运维类,后端开发,0
python讲师,1-3年,本科,全职,天使轮,教育,七月在线,北京七月在线科技有限公司,北京,18k-30k,昌平区,2018-07-07 00:48:24,"['云计算', '教育', '兴趣教育', 'Java', 'MySQL']",15-50人,其他,教育|培训,0
Python开发工程师（后端）,1-3年,本科,全职,A轮,"移动互联网,文化娱乐",快爽,北京心跳时空科技有限公司,北京,20k-30k,朝阳区,2018-07-02 11:51:30,"['后端开发', 'node.js', 'php', 'Java', '算法']",15-50人,开发/测试/运维类,后端开发,0
Python开发工程师,1-3年,本科,全职,D轮及以上,"移动互联网,金融",闪银奇异,北京闪银奇异科技有限公司,北京,18k-35k,朝阳区,2018-07-16 18:00:13,"['大数据', '数据挖掘']",500-2000人,开发/测试/运维类,后端开发,0
Python后端,1-3年,本科,全职,天使轮,"移动互联网,社交网络",江山如画网络科技,北京江山如画网路科技有限责任公司,北京,10k-20k,海淀区,2018-07-19 14:47:24,"['高级', '中级', '服务器端', 'php', 'web']",少于15人,开发/测试/运维类,后端开发,0
Python工程师-机器学习方向,1-3年,本科,全职,未融资,"移动互联网,企业服务",曜辉科技,北京曜辉信息科技有限公司,北京,20K-35K,朝阳区,2018-06-20 12:20:46,['软件开发'],15-50人,开发/测试/运维类,软件开发,0
Python工程师,1-3年,本科,全职,A轮,"移动互联网,硬件",猎户星空,北京猎户星空科技有限公司,北京,15k-30k,朝阳区,2018-07-10 19:55:30,"['人工智能', '机器学习']",500-2000人,开发/测试/运维类,后端开发,0
讲师（R语言／Python）,1-3年,本科,全职,天使轮,"社交网络,教育",经管之家（原人大经济论坛）,北京国富如荷网络科技有限公司,北京,6k-12k,海淀区,2018-07-17 13:39:02,"['金融', '教育', '电商', '培训', '数据分析']",50-150人,其他,教育|培训,0
Python工程师（新华互联）,1-3年,本科,全职,未融资,"文化娱乐,移动互联网",新华书店总店,新华书店总店,北京,7k-14k,西城区,2018-07-19 10:36:13,[],500-2000人,开发|测试|运维类,后端开发,0
爬虫工程师,1-3年,本科,全职,上市公司,"移动互联网,游戏",360,奇虎360科技有限公司,北京,12k-24k,朝阳区,2018-07-18 09:56:38,"['资深', '高级', '中级', '初级', '大数据', '搜索']",2000人以上,开发/测试/运维类,数据开发,0
Python工程师,1-3年,本科,全职,天使轮,"移动互联网,社交网络",互拍,北京互拍科技有限公司,北京,15k-25k,朝阳区,2018-06-26 17:30:26,"['高级', '中级', '后端开发', '爬虫', '大数据']",少于15人,开发/测试/运维类,后端开发,0
Python讲师,1-3年,本科,全职,B轮,"移动互联网,招聘",兄弟连教育,北京易第优教育咨询有限公司,北京,15k-25k,昌平区,2018-07-16 10:30:32,"['爬虫', 'django']",500-2000人,开发/测试/运维类,后端开发,0
研发工程师-Golang/Python,1-3年,本科,全职,A轮,"电子商务,生活服务",Plum,致美生活（北京）科技有限公司,北京,10k-20k,朝阳区,2018-07-19 14:57:09,"['电商', 'php', 'Java']",50-150人,开发/测试/运维类,后端开发,0
Python开发工程师,1-3年,本科,全职,B轮,"移动互联网,数据服务",象辑科技,华风象辑（北京）气象科技有限公司,北京,10k-20k,海淀区,2018-07-19 09:56:59,['Java'],50-150人,开发/测试/运维类,后端开发,0
Python开发工程师,1年以下,本科,全职,A轮,"移动互联网,电子商务",美秒科技,北京美秒科技有限公司,北京,5k-10k,海淀区,2018-07-18 19:08:47,"['中级', '初级', '实习', 'php', 'Java']",15-50人,开发/测试/运维类,前端开发/移动开发,0
python/PHP开发(J10931),1-3年,本科,全职,不需要融资,"移动互联网,生活服务",便利蜂,便利蜂商贸有限公司,北京,15k-25k,朝阳区,2018-07-16 12:22:15,[],2000人以上,开发/测试/运维类,后端开发,0
爬虫工程师,1-3年,本科,全职,上市公司,金融,京东金融,京东金融,北京,15k-30k,大兴区,2018-07-19 10:10:28,"['软件开发', 'Java', '分布式']",2000人以上,开发/测试/运维类,软件开发,0
PHP/Python开发工程师,1-3年,本科,全职,上市公司,文化娱乐,多牛传媒,北京多牛互动传媒股份有限公司,北京,10k-15k,海淀区,2018-07-16 17:09:16,"['广告营销', 'MySQL', '后端']",150-500人,开发/测试/运维类,后端开发,0
python开发工程师,1-3年,本科,全职,C轮,移动互联网,APUS Group,北京麒麟合盛科技有限公司,北京,15k-25k,朝阳区,2018-07-03 10:03:07,"['云计算', '大数据', 'Java', 'MySQL']",150-500人,开发/测试/运维类,后端开发,0
python后端开发工程师,1-3年,本科,全职,天使轮,"移动互联网,社交网络",江山如画网络科技,北京江山如画网路科技有限责任公司,北京,10k-18k,海淀区,2018-07-19 14:47:24,"['web', '服务器端', 'php', 'Java']",少于15人,开发/测试/运维类,后端开发,0
PHP/Python数据平台开发,1-3年,本科,全职,C轮,O2O,瓜子二手车直卖网,车好多旧机动车经纪(北京)有限公司,北京,15k-30k,,2018-07-19 10:29:21,['汽车'],2000人以上,技术,后端开发,0
爬虫工程师,1-3年,本科,全职,A轮,"移动互联网,金融",罗马金服,北京罗马金服科技有限公司,北京,15k-25k,丰台区,2018-07-19 09:23:09,"['高级', '数据挖掘', 'python']",15-50人,开发/测试/运维类,数据开发,0
Python,1-3年,本科,全职,B轮,"移动互联网,企业服务",数盟网络,北京数字联盟网络科技有限公司,北京,15k-20k,海淀区,2018-07-10 10:30:55,[],50-150人,开发/测试/运维类,后端开发,0
python课程助教,1-3年,本科,全职,D轮及以上,"移动互联网,教育",猿辅导,北京粉笔未来科技有限公司,北京,6k-12k,朝阳区,2018-07-17 10:38:16,"['教育', '培训', '测试']",500-2000人,其他,教育|培训,0
爬虫工程师,1-3年,本科,全职,B轮,"移动互联网,O2O",斗米,北京斗米优聘科技发展有限公司,北京,16k-25k,海淀区,2018-07-18 10:32:13,"['Python', 'Java']",500-2000人,开发/测试/运维类,后端开发,0
Python,1年以下,本科,全职,C轮,"医疗健康,数据服务",LinkDoc,零氪信息技术（北京）有限公司,北京,13k-20k,海淀区,2018-07-18 11:36:35,"['大数据', '数据挖掘', '算法']",150-500人,开发/测试/运维类,后端开发,0
Python开发工程师,1-3年,本科,全职,A轮,"信息安全,数据服务",Flow++,北京知多星科技有限公司,北京,10k-20k,海淀区,2018-07-18 08:30:34,"['MySQL', '后端']",15-50人,开发/测试/运维类,后端开发,0
Python开发工程师,1-3年,本科,全职,不需要融资,金融、移动互联网,信达悦和,信达悦和资产管理（北京）有限公司,北京,10k-20k,海淀区,2018-07-18 06:28:48,"['高级', '中级', '后端开发', '架构师', '全栈']",50-150人,开发/测试/运维类,后端开发,0
python开发工程师,1-3年,本科,全职,天使轮,"移动互联网,游戏",悠扬互动,北京悠扬互动科技有限公司,北京,13k-20k,朝阳区,2018-07-16 10:47:48,['移动互联网'],50-150人,开发/测试/运维类,后端开发,0
Python高级研发工程师,1-3年,本科,全职,C轮,"移动互联网,O2O",更美APP,北京完美创意科技有限公司,北京,20k-40k,朝阳区,2018-06-29 18:08:43,"['后端开发', 'Java', '分布式']",150-500人,开发/测试/运维类,后端开发,0
Python server端工程师,1-3年,本科,全职,不需要融资,移动互联网,币信,北京势在必行网络科技有限公司,北京,20k-40k,海淀区,2018-07-19 10:38:52,[],50-150人,开发/测试/运维类,后端开发,0
Python工程师-赴微软小冰,1-3年,本科,全职,不需要融资,"移动互联网,电子商务",微创,上海微创软件股份有限公司北京分公司,北京,8k-10k,海淀区,2018-07-17 15:20:42,['人工智能'],2000人以上,开发/测试/运维类,后端开发,0
Python软件开发工程师,1-3年,本科,全职,上市公司,移动互联网,中创信测,北京中创信测科技股份有限公司,北京,12k-20k,海淀区,2018-07-12 14:32:40,"['linux', 'django']",500-2000人,开发/测试/运维类,后端开发,0
Python系统开发工程师,1-3年,本科,全职,B轮,"金融,数据服务",聚宽 JoinQuant,北京小龙虾科技有限公司,北京,15k-30k,朝阳区,2018-07-16 17:23:16,"['金融', '信息安全', 'php', 'Java', 'docker']",50-150人,开发/测试/运维类,后端开发,0
python开发工程师,1-3年,本科,全职,天使轮,"移动互联网,社交网络",江山如画网络科技,北京江山如画网路科技有限责任公司,北京,8k-16k,海淀区,2018-07-19 14:47:24,"['云计算', 'web', '服务器端', 'php', 'MySQL']",少于15人,开发/测试/运维类,后端开发,0
python开发工程师,1-3年,本科,全职,天使轮,"企业服务,数据服务",深极智能,北京深极智能科技有限公司,北京,15k-30k,海淀区,2018-07-10 10:01:23,"['游戏', 'php', 'Java']",少于15人,开发/测试/运维类,后端开发,0
Python开发工程师,1-3年,本科,全职,A轮,企业服务,蓝沧科技,北京蓝沧科技有限公司,北京,10k-20k,朝阳区,2018-07-06 14:01:58,"['云计算', 'OpenStack']",50-150人,开发/测试/运维类,后端开发,0
高级爬虫工程师,1-3年,本科,全职,上市公司,移动互联网,新浪微博,微梦创科网络科技（中国）有限公司,北京,15k-30k,海淀区,2018-07-19 10:21:52,"['后端开发', 'Java', 'PHP', 'Python']",2000人以上,开发/测试/运维类,后端开发,0
Python/Golang开发工程师,1-3年,本科,全职,B轮,移动互联网,Yi+,北京陌上花科技有限公司,北京,20k-40k,海淀区,2018-07-19 14:53:20,"['高级', '中级', 'linux']",50-150人,开发/测试/运维类,后端开发,0
Python工程师-服务器端,1-3年,本科,全职,B轮,旅游,Weego Travel,非凡维格（北京）信息科技有限公司,北京,15k-30k,朝阳区,2018-07-18 19:09:14,"['信息安全', 'node.js', 'php', 'web']",50-150人,开发/测试/运维类,后端开发,0
python,1-3年,本科,全职,天使轮,"移动互联网,金融",金链,北京金链网信息技术有限公司,北京,12k-18k,朝阳区,2018-07-18 15:46:15,[],15-50人,开发|测试|运维类,后端开发,0
Python数据工程师,1-3年,本科,全职,D轮及以上,"移动互联网,金融",闪银奇异,北京闪银奇异科技有限公司,北京,15k-30k,朝阳区,2018-07-16 18:00:13,"['大数据', '数据分析', '数据开发']",500-2000人,开发/测试/运维类,后端开发,0
python软件开发工程师,1-3年,本科,全职,A轮,移动互联网 企业服务,mioto喵图,北京东方畅享科技有限公司,北京,15k-30k,海淀区,2018-07-16 15:13:30,"['高级', '二次开发']",15-50人,开发/测试/运维类,软件开发,0
Python开发工程师,1-3年,本科,全职,未融资,"移动互联网,电子商务",SURVEY,北京视维腾越科技有限公司,北京,15k-30k,海淀区,2018-07-16 11:17:48,"['后端开发', '全栈', 'php', 'Java', '架构师']",150-500人,开发/测试/运维类,后端开发,0
python后端中级工程师,1-3年,本科,全职,未融资,移动互联网,创新工场AI工程院,创新工场（北京）企业管理股份有限公司,北京,15k-30k,海淀区,2018-07-12 13:56:51,"['架构师', 'node.js', 'golang', 'django']",50-150人,开发/测试/运维类,后端开发,0
高级爬虫开发工程师,1年以下,本科,全职,B轮,旅游,妙计旅行,北京汇行科技有限公司,北京,15k-25k,东城区,2018-07-17 11:11:13,"['Python', '大数据', '算法']",150-500人,开发/测试/运维类,后端开发,0
狐友Python开发工程师,1-3年,本科,全职,上市公司,"移动互联网,广告营销",搜狐集团,北京搜狐新媒体信息技术有限公司,北京,20k-35k,海淀区,2018-07-16 16:24:59,[],2000人以上,开发|测试|运维类,后端开发,0
Python 后台工程师,1年以下,本科,全职,天使轮,"医疗健康,硬件",恒爱高科,恒爱高科（北京）科技有限公司,北京,5k-10k,海淀区,2018-07-05 10:39:13,"['后端开发', 'Java', '服务器端', 'Node.js', 'MySQL']",15-50人,开发/测试/运维类,后端开发,0
编程讲师（python系统班）,1-3年,本科,全职,D轮及以上,"移动互联网,教育",猿辅导,北京粉笔未来科技有限公司,北京,15k-20k,朝阳区,2018-07-17 10:38:04,"['教育', '培训', '在线视频']",500-2000人,其他,教育|培训,0
Python开发工程师-社交产品中心,1-3年,本科,全职,上市公司,"移动互联网,广告营销",搜狐集团,北京搜狐新媒体信息技术有限公司,北京,15k-25k,海淀区,2018-07-03 11:47:48,[],2000人以上,开发/测试/运维类,后端开发,0
python研发实习,1年以下,本科,全职,A轮,"移动互联网,电子商务",美秒科技,北京美秒科技有限公司,北京,5k-7k,海淀区,2018-06-22 12:11:37,"['初级', 'php', 'Java']",15-50人,开发/测试/运维类,数据开发,0
爬虫工程师,1-3年,本科,全职,上市公司,"社交网络,金融",人人网,北京千橡网景科技发展有限公司,北京,9k-18k,朝阳区,2018-07-16 12:17:23,"['中级', '反作弊', 'Java', 'python']",2000人以上,开发/测试/运维类,数据开发,0
Python后端开发工程师,1-3年,本科,全职,不需要融资,"移动互联网,O2O",哗啦啦,北京多来点信息技术有限公司,北京,15k-25k,西城区,2018-07-18 18:17:16,"['云计算', '本地生活', 'php', 'Java', 'OpenStack']",500-2000人,开发/测试/运维类,后端开发,0
Python,1-3年,本科,全职,C轮,"移动互联网,数据服务",PICA8,北京品科技术有限公司,北京,12k-24k,海淀区,2018-07-09 11:05:27,[],50-150人,开发/测试/运维类,后端开发,0
Python工程师,1-3年,本科,全职,天使轮,"硬件,移动互联网",企鹅创新,企鹅创新（北京）科技有限公司,北京,25k-35k,朝阳区,2018-07-18 10:12:47,"['资深', 'node.js', 'Java']",15-50人,开发|测试|运维类,后端开发,0
python开发工程师-赴微软,1-3年,本科,全职,不需要融资,"移动互联网,电子商务",微创,上海微创软件股份有限公司北京分公司,北京,10k-15k,海淀区,2018-07-17 15:20:41,"['php', 'Java']",2000人以上,开发/测试/运维类,后端开发,0
Python后端工程师,1-3年,本科,全职,天使轮,"O2O,生活服务",三加科技,北京三加科技有限公司,北京,20k-25k,海淀区,2018-07-05 14:43:38,"['信息安全', '高级', '中级', '服务器端', '运维']",少于15人,开发/测试/运维类,后端开发,0
Python开发工程师,1-3年,本科,全职,A轮,"金融,医疗健康",易美健,易思互动（北京）科技有限公司,北京,10k-20k,海淀区,2018-07-10 17:20:33,"['中级', '后端开发', 'MySQL', 'redis', 'django']",50-150人,开发/测试/运维类,后端开发,0
Python工程师,1-3年,本科,全职,C轮,"医疗健康,数据服务",LinkDoc,零氪信息技术（北京）有限公司,北京,15k-30k,海淀区,2018-07-18 11:36:39,['医疗健康'],150-500人,开发/测试/运维类,后端开发,0
python后端开发工程师,1-3年,本科,全职,D轮及以上,"移动互联网,教育",一起科技,上海一起作业信息科技有限公司,北京,20k-40k,朝阳区,2018-07-11 17:05:40,[],500-2000人,开发/测试/运维类,后端开发,0
Python研发工程师,1-3年,本科,全职,A轮,"移动互联网,数据服务",CloudIn,北京云英传奇技术有限公司,北京,15k-30k,朝阳区,2018-06-27 14:24:06,"['web前端', '大数据', 'django']",50-150人,开发/测试/运维类,前端开发/移动开发,0
高级讲师（Python 系统班）,1-3年,本科,全职,D轮及以上,"移动互联网,教育",猿辅导,北京粉笔未来科技有限公司,北京,15k-25k,朝阳区,2018-07-17 10:38:36,"['教育', '培训', '在线', '音视频']",500-2000人,其他,教育|培训,0
Python量化工程师,1-3年,本科,全职,A轮,"移动互联网,金融",零点智能,北京零点智能科技有限公司,北京,12k-24k,海淀区,2018-06-25 15:00:06,"['数据分析', '区块链', '量化交易', '数字货币']",少于15人,开发/测试/运维类,数据开发,0
游戏研发工程师 （Python）（初级）,1-3年,本科,全职,上市公司,"移动互联网,游戏",凯奇谷,北京凯奇谷信息技术股份有限公司,北京,6k-8k,朝阳区,2018-07-19 09:43:06,['游戏'],150-500人,技术,后端开发,0
爬虫工程师,1-3年,本科,全职,D轮及以上,"移动互联网,文化娱乐",一下科技,炫一下（北京）科技有限公司,北京,20k-35k,朝阳区,2018-07-18 12:01:34,"['Python', '大数据', '数据分析']",500-2000人,开发/测试/运维类,后端开发,0
python工程师,1-3年,本科,全职,A轮,"硬件,企业服务",Swie,Swissmic SA,北京,10k-20k,海淀区,2018-07-18 16:35:26,"['硬件制造', '测试', '算法', '智能']",15-50人,开发|测试|运维类,后端开发,0
爬虫开发工程师,1-3年,本科,全职,不需要融资,"移动互联网,金融",中诚信征信,中诚信征信有限公司,北京,10k-20k,东城区,2018-07-18 13:59:37,"['Java', 'python', '页面反爬']",150-500人,开发/测试/运维类,后端开发,0
Python量化工程师,1-3年,本科,全职,不需要融资,移动互联网 金融,本征资本（EigenCapital）,本征投资（海南）有限公司,北京,13k-26k,海淀区,2018-07-08 12:30:09,"['金融', 'Java']",15-50人,开发/测试/运维类,后端开发,0
Python开发工程师,1-3年,本科,全职,D轮及以上,"移动互联网,金融",闪银奇异,北京闪银奇异科技有限公司,北京,15k-25k,朝阳区,2018-07-10 19:40:52,[],500-2000人,开发/测试/运维类,后端开发,0
Python开发工程师,1-3年,本科,全职,B轮,移动互联网,助理来也,北京来也网络科技有限公司,北京,15k-30k,海淀区,2018-07-16 11:59:00,"['后端开发', '服务器端']",50-150人,开发/测试/运维类,后端开发,0
Python开发,1-3年,本科,全职,不需要融资,"移动互联网,游戏",北京智胜新格科技有限公司,北京智胜新格科技有限公司,北京,15k-30k,海淀区,2018-07-16 10:51:59,"['移动互联网', '游戏', 'php', 'django']",50-150人,开发/测试/运维类,后端开发,0
Python培训讲师,1-3年,本科,全职,未融资,"移动互联网,教育",北京浩泰思特,北京浩泰思特科技有限公司,北京,10k-15k,海淀区,2018-06-20 10:00:32,"['金融', '大数据']",15-50人,开发/测试/运维类,后端开发,0
python、人工智能讲师,1-3年,本科,全职,天使轮,教育,大讲台,北京大讲台科技有限公司,北京,6k-12k,海淀区,2018-07-17 10:27:11,"['数据分析', '算法', '机器学习']",15-50人,开发/测试/运维类,数据开发,0
爬虫开发工程师,1-3年,本科,全职,A轮,"企业服务,数据服务",泽泰征信,天合泽泰（厦门）征信服务有限公司,北京,10k-15k,朝阳区,2018-07-19 15:20:43,"['视频', '软件开发', '算法', 'python']",15-50人,开发/测试/运维类,软件开发,0
爬虫工程师,1-3年,本科,全职,A轮,数据服务,天眼查,北京金堤科技有限公司,北京,8k-15k,海淀区,2018-07-18 09:24:34,"['信息安全', 'Java', 'web', 'python']",50-150人,开发/测试/运维类,后端开发,0
Python开发工程师,1-3年,本科,全职,C轮,金融,玖富集团,玖富金科控股集团有限责任公司,北京,12k-20k,朝阳区,2018-07-16 19:08:01,"['大数据', '人工智能', '爬虫']",2000人以上,开发/测试/运维类,后端开发,0
Python后台开发,1-3年,本科,全职,B轮,"企业服务,医疗健康",晶泰科技,深圳晶泰科技有限公司,北京,10k-18k,海淀区,2018-07-16 15:53:32,"['信息安全', '大数据', 'php', 'Java']",50-150人,开发/测试/运维类,后端开发,0
Python工程师,1-3年,本科,全职,A轮,"移动互联网,生活服务",彩彻区明科技,北京彩彻区明科技有限公司,北京,14k-28k,海淀区,2018-07-17 15:43:26,[],15-50人,开发|测试|运维类,后端开发,0
爬虫工程师,1-3年,本科,全职,A轮,"移动互联网,游戏",手机小游戏,乐游（北京）科技有限公司,北京,8k-10k,海淀区,2018-07-10 12:00:11,"['游戏', 'python', '搜索']",15-50人,开发/测试/运维类,前端开发/移动开发,0
web端Python开发工程师,1-3年,本科,全职,D轮及以上,"移动互联网,金融",闪银奇异,北京闪银奇异科技有限公司,北京,15k-30k,朝阳区,2018-07-18 11:02:31,"['总监', '资深', '高级', '后端开发', '服务器端']",500-2000人,开发/测试/运维类,后端开发,0
Python/Ruby,1-3年,本科,全职,不需要融资,"企业服务,金融",石云科技,北京石云科技有限公司,北京,15k-30k,海淀区,2018-07-06 18:20:52,"['高级', '中级', '初级', '后端开发', 'Java']",50-150人,开发/测试/运维类,后端开发,0
高级Python工程师,1-3年,本科,全职,A轮,移动互联网,天桐互动,北京天桐互动信息技术有限公司,北京,25k-35k,朝阳区,2018-07-10 17:18:36,"['云计算', '资深', '后端开发']",15-50人,开发/测试/运维类,后端开发,0
爬虫工程师,1-3年,本科,全职,A轮,"移动互联网,游戏",乐天游戏,乐天时代（北京）科技有限公司,北京,8k-10k,海淀区,2018-07-16 11:10:56,"['游戏', 'python', '搜索']",15-50人,开发/测试/运维类,前端开发/移动开发,0
产品工程师-Python,1-3年,本科,全职,A轮,文化娱乐,豆瓣阅读,北京方舟阅读科技有限公司,北京,15k-30k,朝阳区,2018-07-09 14:42:28,"['云计算', '后端开发', 'Java', 'web']",50-150人,开发/测试/运维类,后端开发,0
Python工程师,1-3年,本科,全职,不需要融资,"企业服务,数据服务",LEANIOT,北京华夏亨元科技有限公司,北京,10k-20k,朝阳区,2018-07-11 15:04:06,"['Java', 'Ruby']",50-150人,开发/测试/运维类,后端开发,0
爬虫开发工程师,1-3年,本科,全职,不需要融资,教育,中外翻译,北京中外翻译咨询有限公司,北京,10k-20k,西城区,2018-07-19 10:46:10,"['数据分析', '数据挖掘', 'Java', 'python']",50-150人,开发/测试/运维类,数据开发,0
python,1-3年,本科,全职,天使轮,教育 移动互联网,华罗庚网校,清北华数教育科技（北京）有限公司,北京,16K-20K,海淀区,2018-07-18 10:09:34,[],15-50人,开发|测试|运维类,后端开发,0
Python开发,1-3年,本科,全职,不需要融资,"广告营销,文化娱乐",致趣广告,上海致趣广告有限公司,北京,8k-15k,朝阳区,2018-07-09 10:14:19,"['广告营销', '后端开发', '架构师', '数据分析', 'Shell']",50-150人,开发/测试/运维类,后端开发,0
爬虫工程师,1-3年,本科,全职,C轮,"移动互联网,教育",作业盒子,北京作业盒子科技有限公司,北京,15K-30K,朝阳区,2018-07-18 19:07:29,"['中级', 'Python']",500-2000人,开发/测试/运维类,后端开发,0
爬虫工程师（北京）,1-3年,本科,全职,D轮及以上,"移动互联网,社交网络",Bigo,广州市百果园网络科技有限公司,北京,20k-40k,海淀区,2018-07-12 22:27:19,[],500-2000人,开发|测试|运维类,后端开发,0
后端工程师（Python）,1-3年,本科,全职,上市公司,"移动互联网,教育",好未来,北京世纪好未来教育科技有限公司,北京,17k-25k,海淀区,2018-07-02 18:39:39,"['php', 'Java', '分布式']",2000人以上,开发/测试/运维类,后端开发,0
Python工程师,1-3年,本科,全职,A轮,"移动互联网,硬件",猎户星空,北京猎户星空科技有限公司,北京,15k-30k,朝阳区,2018-07-10 19:55:25,"['人工智能', '算法', '机器学习']",500-2000人,开发/测试/运维类,后端开发,0
教材编辑（Python）J10585,1-3年,本科,全职,C轮,教育,传智播客,北京传智播客教育科技有限公司,北京,10k-15k,昌平区,2018-07-18 10:37:08,"['中级', '数据分析']",500-2000人,开发/测试/运维类,数据开发,0
Python开发工程师,1-3年,本科,全职,未融资,"医疗健康,移动互联网",北京神黄科技股份有限公司,北京神黄科技有限公司,北京,15k-30k,东城区,2018-07-17 18:54:57,['golang'],50-150人,技术,后端开发,0
Python/PHP/JS/HTML5 全栈全站工,1-3年,本科,全职,未融资,"企业服务,数据服务",易商迅达,北京易商迅达科技有限公司,北京,8k-15k,海淀区,2018-07-11 16:32:54,"['软件开发', 'web']",15-50人,开发/测试/运维类,软件开发,0
Python工程师,1-3年,本科,全职,D轮及以上,"旅游,电子商务",同程艺龙,同程网络科技股份有限公司,北京,15k-25k,朝阳区,2018-07-06 09:19:18,"['php', 'MySQL']",2000人以上,开发/测试/运维类,后端开发,0
python开发工程师,1-3年,本科,全职,A轮,"移动互联网,硬件",猎户星空,北京猎户星空科技有限公司,北京,15k-30k,朝阳区,2018-07-19 10:11:47,"['算法', '机器学习']",500-2000人,开发/测试/运维类,后端开发,0
Python开发工程师(风控开发方向),1-3年,本科,全职,上市公司,社交网络,陌陌,北京陌陌科技有限公司,北京,20k-40k,朝阳区,2018-07-17 11:23:53,"['信息安全', 'Java']",500-2000人,开发/测试/运维类,后端开发,0
Python 研发工程师,1-3年,本科,全职,天使轮,"金融,数据服务",感易智能,北京感易智能科技有限公司,北京,15K-25K,海淀区,2018-07-19 10:55:47,"['数据挖掘', 'Java', '后端开发', '分布式']",15-50人,开发/测试/运维类,后端开发,0
爬虫实习生,1年以下,本科,全职,C轮,广告营销,微播易,北京微播易科技股份有限公司,北京,3k-4k,朝阳区,2018-07-18 19:52:05,"['Python', '数据分析']",150-500人,开发/测试/运维类,后端开发,0
Python开发工程师,1-3年,本科,全职,未融资,"企业服务,数据服务",溪流科技,溪流科技（北京）有限公司,北京,10k-20k,朝阳区,2018-07-16 09:41:14,"['后端开发', '后端', '服务器端', '全栈', 'php']",少于15人,开发|测试|运维类,后端开发,0
中级Python WEB工程师（SAAS方向）,1-3年,本科,全职,A轮,"金融,医疗健康",易美健,易思互动（北京）科技有限公司,北京,15k-25k,海淀区,2018-07-12 16:31:26,[],50-150人,开发/测试/运维类,后端开发,0
大数据爬虫工程师,1-3年,本科,全职,A轮,"广告营销,数据服务",三点一刻,北京三点一刻科技有限公司,北京,15k-30k,朝阳区,2018-06-20 19:13:30,"['数据挖掘', '机器学习', 'NLP', 'Java', '数据库']",50-150人,开发/测试/运维类,数据开发,0
python工程师(北京),1-3年,本科,全职,B轮,移动互联网,码隆科技,深圳码隆科技有限公司,北京,15k-25k,海淀区,2018-07-11 09:34:24,['软件开发'],50-150人,开发/测试/运维类,软件开发,0
Python后端工程师,1-3年,本科,全职,未融资,"游戏,其他",第五态,北京第五态科技有限公司,北京,10k-15k,海淀区,2018-07-15 17:30:46,"['php', 'Java']",少于15人,开发/测试/运维类,后端开发,0
Python开发工程师,1-3年,本科,全职,D轮及以上,"移动互联网,教育",一起科技,上海一起作业信息科技有限公司,北京,15k-30k,朝阳区,2018-07-11 17:05:41,"['教育', 'django']",500-2000人,开发/测试/运维类,后端开发,0
python研发工程师,1-3年,本科,全职,B轮,"移动互联网,硬件",WIFIPIX无限向溯,北京无限向溯科技有限公司,北京,12k-20k,朝阳区,2018-07-08 22:09:45,"['软件开发', '大数据', 'Java', '爬虫']",50-150人,开发/测试/运维类,软件开发,0
Python,1-3年,本科,全职,天使轮,"移动互联网,社交网络",北京欢乐豆科技有限公司,北京欢乐豆科技有限公司,北京,15k-20k,海淀区,2018-07-02 18:54:52,"['云计算', '信息安全', '大数据']",15-50人,开发/测试/运维类,后端开发,0
软件工程师 (Python),1-3年,本科,全职,不需要融资,信息安全,OSR,深圳市纽创信安科技开发有限公司,北京,10k-20k,海淀区,2018-07-16 09:07:06,"['信息安全', '软件开发', 'linux']",15-50人,开发|测试|运维类,企业软件,0
python工程师,1-3年,本科,全职,A轮,"移动互联网,硬件",猎户星空,北京猎户星空科技有限公司,北京,15k-30k,朝阳区,2018-07-10 19:55:43,"['linux', 'django']",500-2000人,开发/测试/运维类,后端开发,0
python开发工程师(数据挖掘方向),1-3年,本科,全职,上市公司,社交网络,陌陌,北京陌陌科技有限公司,北京,18k-36k,朝阳区,2018-07-17 11:23:53,['信息安全'],500-2000人,开发/测试/运维类,后端开发,0
Python测试工程师（自动化）,1-3年,本科,全职,不需要融资,"移动互联网,O2O",哗啦啦,北京多来点信息技术有限公司,北京,15k-25k,西城区,2018-07-18 18:15:17,"['本地生活', '脚本']",500-2000人,开发/测试/运维类,测试,0
python开发工程师,1-3年,本科,全职,未融资,移动互联网 教育,熊猫加加,北京智能优学科技有限公司,北京,15k-25k,朝阳区,2018-07-04 13:07:57,"['后端', 'django']",少于15人,开发/测试/运维类,后端开发,0
爬虫工程师,1-3年,本科,全职,未融资,"移动互联网,企业服务",河南竹意文化传媒有限公司,河南竹意文化传媒有限公司,北京,12K-24K,朝阳区,2018-07-19 00:01:45,"['linux', 'Java']",150-500人,开发/测试/运维类,软件开发,0
python 全栈开发工程师,1-3年,本科,全职,不需要融资,移动互联网,TCL互联网事业本部,TCL集团股份有限公司,北京,15k-25k,海淀区,2018-07-16 15:17:53,"['中级', '后端开发', 'node.js', 'php']",150-500人,开发/测试/运维类,后端开发,0
搜狐媒体-社交产品中心-Python工程师,1-3年,本科,全职,上市公司,"移动互联网,广告营销",搜狐集团,北京搜狐新媒体信息技术有限公司,北京,20k-30k,海淀区,2018-07-03 11:47:44,[],2000人以上,开发/测试/运维类,后端开发,0
python开发工程师,1-3年,本科,全职,B轮,"移动互联网,企业服务",博云,苏州博纳讯动软件有限公司,北京,10k-20k,海淀区,2018-07-05 10:54:26,"['linux', 'C++', 'Java']",150-500人,开发/测试/运维类,后端开发,0
自动化平台开发岗（PHP/Python）,1-3年,本科,全职,D轮及以上,"移动互联网,数据服务",金山云,北京金山云网络技术有限公司,北京,18k-35k,海淀区,2018-07-18 14:42:48,"['中级', '初级', 'js']",500-2000人,开发/测试/运维类,后端开发,0
python（赴百度）,1-3年,本科,全职,不需要融资,"移动互联网,电子商务",微创,上海微创软件股份有限公司北京分公司,北京,11k-18k,海淀区,2018-07-17 15:20:42,"['web', '爬虫', 'php', '脚本']",2000人以上,开发/测试/运维类,后端开发,0
爬虫工程师,1-3年,本科,全职,未融资,"电子商务,企业服务",赞云,赞云科技（北京）有限公司,北京,12K-15K,朝阳区,2018-07-06 15:18:01,"['数据分析', '反作弊']",15-50人,开发/测试/运维类,数据开发,0
Python开发工程师,1-3年,本科,全职,B轮,"移动互联网,教育",阿凡题,北京云江科技有限公司,北京,15k-30k,海淀区,2018-06-28 11:55:29,['后端开发'],150-500人,开发/测试/运维类,后端开发,0
数据爬虫工程师,1-3年,本科,全职,D轮及以上,移动互联网,小米,北京小米科技有限责任公司,北京,20k-40k,海淀区,2018-07-19 10:45:57,"['征信', '高级', 'python']",2000人以上,开发/测试/运维类,数据开发,0
大数据开发工程师（中高级）（python/c++）,1-3年,本科,全职,上市公司,移动互联网,新浪微博,微梦创科网络科技（中国）有限公司,北京,20k-40k,海淀区,2018-07-19 10:21:53,"['广告营销', 'Java', 'hadoop']",2000人以上,开发/测试/运维类,后端开发,0
爬虫开发工程师,1-3年,本科,全职,A轮,数据服务,Stratifyd,北京斯图飞腾科技有限公司,北京,10k-20k,朝阳区,2018-07-19 11:09:59,[],15-50人,开发|测试|运维类,数据开发,0
Python开发工程师(风控方向),1-3年,本科,全职,上市公司,社交网络,陌陌,北京陌陌科技有限公司,北京,18k-36k,朝阳区,2018-07-17 11:23:53,"['信息安全', 'redis', 'NoSQL', 'mongo']",500-2000人,开发/测试/运维类,后端开发,0
Python/Golang工程师-锁屏画报,1-3年,本科,全职,D轮及以上,移动互联网,小米,北京小米科技有限责任公司,北京,15k-25k,海淀区,2018-07-17 15:33:24,"['php', '架构']",2000人以上,开发/测试/运维类,后端开发,0
Python Web开发工程师-社交产品中心,1-3年,本科,全职,上市公司,"移动互联网,广告营销",搜狐集团,北京搜狐新媒体信息技术有限公司,北京,15k-30k,海淀区,2018-07-03 11:47:48,[],2000人以上,开发/测试/运维类,后端开发,0
安全开发工程师 （Python /PHP）,1-3年,本科,全职,上市公司,"移动互联网,游戏",360,奇虎360科技有限公司,北京,15k-25k,朝阳区,2018-07-18 17:12:03,"['信息安全', '后端开发', 'linux', 'C++']",2000人以上,开发/测试/运维类,后端开发,0
Python数据处理,1-3年,本科,全职,B轮,"移动互联网,数据服务",上海中旖能源科技,上海中旖能源科技有限公司,北京,12k-24k,朝阳区,2018-07-17 15:43:12,"['中级', '数据分析', '数据挖掘', '大数据', 'hadoop']",50-150人,开发/测试/运维类,数据开发,0
Python工程师（基金方向）,1-3年,本科,全职,A轮,金融,凤凰金融,北京凤凰理理它信息技术有限公司,北京,10k-20k,朝阳区,2018-07-13 11:45:42,"['金融', '大数据', 'Java']",500-2000人,开发/测试/运维类,后端开发,0
爬虫工程师,1-3年,本科,全职,未融资,"企业服务,数据服务",久谦咨询,Meritco Services,北京,10k-20k,朝阳区,2018-07-06 14:29:22,"['数据挖掘', '大数据', 'Java', '架构', 'python']",50-150人,开发/测试/运维类,数据开发,0
爬虫工程师,1-3年,本科,全职,不需要融资,"移动互联网,旅游",汇游,北京汇游科技有限公司,北京,10k-15k,朝阳区,2018-07-16 18:51:23,"['媒体', '数据分析', '数据挖掘', 'Java', 'python']",15-50人,开发/测试/运维类,数据开发,0
Python Web开发工程师,1-3年,本科,全职,A轮,硬件,小睿,北京小睿科技有限公司,北京,10k-15k,朝阳区,2018-07-11 08:28:38,"['web前端', 'Java', 'MySQL']",50-150人,开发/测试/运维类,前端开发/移动开发,0
Python数据工程师,1-3年,本科,全职,A轮,医疗健康,CelLoud,上海华点云生物科技有限公司,北京,10k-18k,大兴区,2018-06-21 09:43:04,"['高级', '数据分析', '大数据', '数据挖掘']",15-50人,开发/测试/运维类,后端开发,0
爬虫工程师,1-3年,本科,全职,A轮,移动互联网,看了吗视频,北京看了吗视频信息技术有限公司,北京,15k-25k,朝阳区,2018-07-10 09:19:51,['Java'],50-150人,开发/测试/运维类,后端开发,0
Python后台开发工程师,1-3年,本科,全职,A轮,移动互联网,零匙,北京智辉空间科技有限责任公司,北京,15k-30k,朝阳区,2018-07-13 15:41:17,"['node.js', 'php', 'Ruby', 'web']",50-150人,开发/测试/运维类,后端开发,0
Web爬虫开发工程师,1年以下,本科,全职,A轮,"信息安全,数据服务",Flow++,北京知多星科技有限公司,北京,10k-20k,海淀区,2018-07-18 08:30:34,"['分布式', '多线程/多进程']",15-50人,开发/测试/运维类,前端开发/移动开发,0
爬虫工程师,1-3年,本科,全职,天使轮,信息安全,棱镜七彩,苏州棱镜七彩信息科技有限公司,北京,12k-20k,海淀区,2018-07-11 15:22:39,"['征信', '高级', '数据挖掘', 'Java', 'python']",15-50人,开发/测试/运维类,数据开发,0
Python数据分析师,1-3年,本科,全职,未融资,企业服务,卓思天成,北京卓思天成国际市场研究咨询有限公司,北京,15k-25k,朝阳区,2018-07-12 17:47:36,"['汽车', '算法', '深度学习', '大数据', '数据挖掘']",150-500人,开发/测试/运维类,数据开发,0
Python高级/中级研发工程师(安全方向),1-3年,本科,全职,上市公司,社交网络,陌陌,北京陌陌科技有限公司,北京,20k-40k,朝阳区,2018-07-17 11:23:53,['信息安全'],500-2000人,开发/测试/运维类,后端开发,0
初级爬虫工程师,1-3年,本科,全职,A轮,金融,凤凰金融,北京凤凰理理它信息技术有限公司,北京,15k-20k,朝阳区,2018-07-13 11:45:44,"['Java', '大数据']",500-2000人,开发/测试/运维类,后端开发,0
高级爬虫研发工程师,1-3年,本科,全职,不需要融资,"移动互联网,数据服务",百度,百度在线网络技术（北京）有限公司,北京,15k-30k,海淀区,2018-07-19 13:47:09,"['数据分析', '数据挖掘', '机器学习', '深度学习', '大数据', 'hadoop']",2000人以上,开发/测试/运维类,数据开发,0
Python后端开发工程师,1-3年,本科,全职,C轮,"移动互联网,O2O",更美APP,北京完美创意科技有限公司,北京,15k-30k,朝阳区,2018-06-29 18:08:42,"['广告营销', '医疗健康', '中级', 'django']",150-500人,开发/测试/运维类,后端开发,0
Python数据开发,1-3年,本科,全职,B轮,"金融,数据服务",量子金服,北京量子金服网络科技有限公司,北京,12k-20k,朝阳区,2018-07-06 17:22:11,"['金融', '大数据', '数据分析', '量化']",50-150人,开发/测试/运维类,后端开发,0
网络爬虫研发工程师,1年以下,本科,全职,不需要融资,"数据服务,移动互联网",人民在线,北京人民在线网络有限公司,北京,10k-20k,朝阳区,2018-06-19 11:46:05,['数据挖掘'],150-500人,开发/测试/运维类,数据开发,0
爬虫开发工程师,1-3年,本科,全职,天使轮,"移动互联网,企业服务",Aibee,爱笔（北京）智能科技有限公司,北京,15k-30k,海淀区,2018-07-19 13:10:11,"['视频', 'Python', '算法']",50-150人,开发/测试/运维类,后端开发,0
爬虫工程师,1-3年,本科,全职,A轮,"移动互联网,企业服务",超对称,超对称（北京）科技有限公司,北京,13k-25k,朝阳区,2018-07-19 14:07:52,"['征信', '数据挖掘', 'Java']",50-150人,开发/测试/运维类,数据开发,0
后端开发工程师-爬虫,1-3年,本科,全职,C轮,"移动互联网,O2O",贝壳,链家网（北京）科技有限公司,北京,30k-50k,海淀区,2018-07-13 10:31:00,['Python'],2000人以上,开发/测试/运维类,后端开发,0
爬虫开发工程师（图像识别）,1-3年,本科,全职,不需要融资,"移动互联网,金融",中诚信征信,中诚信征信有限公司,北京,10k-20k,东城区,2018-07-18 13:59:51,"['Python', '算法', '深度学习', '机器学习']",150-500人,开发/测试/运维类,后端开发,0
游戏服务器(Python)开发工程师,1-3年,本科,全职,上市公司,"移动互联网,游戏",盖娅互娱,北京盖娅互娱网络科技股份有限公司,北京,10k-20k,朝阳区,2018-07-12 12:32:08,"['信息安全', '游戏', 'linux', 'C++', '后端']",500-2000人,开发/测试/运维类,后端开发,0
Java爬虫,1-3年,本科,全职,A轮,"金融,数据服务",鼎复,鼎复数据科技（北京）有限公司,北京,15k-30k,朝阳区,2018-07-16 11:02:04,['分布式'],150-500人,开发/测试/运维类,后端开发,0
爬虫工程师,1-3年,本科,全职,不需要融资,"金融,其他",区块科技,北京区块科技有限公司,北京,12k-15k,朝阳区,2018-07-09 11:23:12,"['征信', 'Java', 'python']",15-50人,开发/测试/运维类,后端开发,0
SDK后端python工程师,1-3年,本科,全职,B轮,"移动互联网,游戏",途游,在线途游（北京）科技有限公司,北京,10k-18k,朝阳区,2018-06-21 11:39:18,[],150-500人,开发/测试/运维类,后端开发,0
量化工程师（Java/C++/Python）,1-3年,本科,全职,A轮,"移动互联网,金融",掌上金服,掌上金服（天津）网络科技有限公司,北京,15K-30K,东城区,2018-07-18 19:21:53,"['中级', '数据分析', '数据挖掘', '机器学习', '深度学习', '建模']",15-50人,开发|测试|运维类,数据开发,0
Java工程师（爬虫方向）,1-3年,本科,全职,不需要融资,"移动互联网,金融",中诚信征信,中诚信征信有限公司,北京,10k-20k,东城区,2018-07-18 13:59:24,[],150-500人,开发/测试/运维类,后端开发,0
网络爬虫工程师,1年以下,本科,全职,B轮,"移动互联网,金融",天创信用,天创信用服务有限公司,北京,12k-18k,朝阳区,2018-06-22 10:31:12,[],150-500人,开发/测试/运维类,后端开发,0
Java工程师 爬虫,1-3年,本科,全职,C轮,"移动互联网,O2O",贝壳,链家网（北京）科技有限公司,北京,15k-30k,海淀区,2018-07-19 15:16:42,"['大数据', '分布式', '算法']",2000人以上,开发/测试/运维类,后端开发,0
软件测试工程师（C++、java、python）,1-3年,本科,全职,不需要融资,"移动互联网,数据服务",捷通华声,北京捷通华声科技股份有限公司,北京,10k-20k,海淀区,2018-07-18 09:04:05,"['人工智能', '白盒测试']",150-500人,开发/测试/运维类,测试,0
量化开发工程师（Java/C++/Python方向,1-3年,本科,全职,不需要融资,金融,明睿资本,明睿（北京）资本管理有限公司,北京,20k-30k,西城区,2018-07-19 09:35:00,"['金融', '软件开发', '大数据']",少于15人,开发/测试/运维类,软件开发,0
java工程师（爬虫方向）,1-3年,本科,全职,B轮,"移动互联网,金融",天创信用,天创信用服务有限公司,北京,10k-18k,朝阳区,2018-06-22 10:31:12,"['初级', 'python']",150-500人,开发/测试/运维类,后端开发,0
爬虫开发工程师,1-3年,本科,全职,B轮,旅游,妙计旅行,北京汇行科技有限公司,北京,8k-16k,东城区,2018-07-17 11:11:13,"['数据分析', 'Python', '大数据', '算法']",150-500人,开发/测试/运维类,后端开发,0
Python高级Web开发工程师(票务系统集成方向,1-3年,本科,全职,B轮,旅游,妙计旅行,北京汇行科技有限公司,北京,10k-20k,东城区,2018-07-17 11:11:12,"['Java', '分布式', '架构']",150-500人,开发/测试/运维类,后端开发,0
Python开发工程师(数据分析平台开发方向）,1年以下,本科,全职,上市公司,社交网络,陌陌,北京陌陌科技有限公司,北京,20k-40k,朝阳区,2018-07-17 11:23:52,"['信息安全', '逆向']",500-2000人,开发/测试/运维类,后端开发,0
python研发工程师,1年以下,硕士,全职,B轮,"企业服务,数据服务",数美,北京数美时代科技有限公司,北京,15k-30k,朝阳区,2018-07-17 18:20:39,"['大数据', '数据挖掘']",150-500人,开发/测试/运维类,后端开发,0
python开发工程师,1-3年,不限,全职,不需要融资,"移动互联网,其他",北京亦来云科技有限公司,北京亦来云科技有限公司,北京,15k-30k,海淀区,2018-07-11 11:59:00,"['web', 'php', 'Java', 'html5']",50-150人,开发/测试/运维类,前端开发/移动开发,0
Python工程师,1-3年,不限,全职,B轮,社交网络,精灵在线,精灵在线网络(北京)有限公司,北京,15k-25k,海淀区,2018-07-18 09:58:14,['django'],50-150人,开发/测试/运维类,后端开发,0
Python开发工程师,1-3年,不限,全职,D轮及以上,"移动互联网,O2O",趣活美食送,北京趣活科技有限公司,北京,10k-20k,朝阳区,2018-07-17 16:24:21,"['云计算', '本地生活', 'linux', 'Ruby', '分布式']",2000人以上,技术,后端开发,0
python开发实习生,1年以下,不限,实习,C轮,金融,智融集团,北京智融时代信息技术有限公司,北京,6k-9k,海淀区,2018-07-19 10:33:59,"['后端开发', '服务器端', 'node.js', 'php']",150-500人,开发/测试/运维类,后端开发,1
Web全栈工程师（python）,1-3年,不限,全职,天使轮,"移动互联网,硬件",罗威亚科技,北京罗威亚科技有限公司,北京,12k-18k,大兴区,2018-07-19 14:58:00,"['Node.js', '前端']",15-50人,开发/测试/运维类,后端开发,0
Python开发工程师,1-3年,不限,全职,A轮,金融,人人贷,人人贷商务顾问（北京）有限公司,北京,12k-17k,海淀区,2018-07-16 14:17:52,[],500-2000人,开发|测试|运维类,后端开发,0
python开发（Python/golang/java、Bash）,1-3年,不限,全职,C轮,"移动互联网,金融",人人行(借贷宝),人人行科技有限公司,北京,18k-30k,朝阳区,2018-07-18 20:07:23,[],2000人以上,开发/测试/运维类,后端开发,0
python开发工程师(数据挖掘方向),1-3年,不限,全职,上市公司,社交网络,陌陌,北京陌陌科技有限公司,北京,20k-40k,朝阳区,2018-07-17 11:23:53,[],500-2000人,开发/测试/运维类,数据开发,0
Python爬虫开发工程师,3-5年,大专,全职,天使轮,"移动互联网,电子商务",客度科技,北京客度科技有限公司,北京,9k-18k,朝阳区,2018-07-09 10:31:19,['中级'],50-150人,开发/测试/运维类,后端开发,0
Python开发工程师,3-5年,大专,全职,未融资,"移动互联网,旅游",乐飞天下,乐飞天下信息技术(北京)有限公司,北京,11k-20k,朝阳区,2018-07-18 09:06:23,"['旅游', 'Java', 'MySQL']",15-50人,技术,后端开发,0
Python研发工程师,3-5年,大专,全职,B轮,数据服务,好巧,北京好巧国际旅行社有限公司,北京,25k-35k,朝阳区,2018-07-19 08:59:32,"['后端开发', 'Java', 'golang']",150-500人,开发/测试/运维类,后端开发,0
python开发,3-5年,大专,全职,上市公司,金融,金证股份,深圳市金证科技股份有限公司,北京,10k-15k,朝阳区,2018-07-18 15:15:07,"['linux', 'MySQL']",2000人以上,开发/测试/运维类,后端开发,0
Python工程师,3-5年,大专,全职,A轮,"游戏,广告营销",52TOYS,北京乐自天成文化发展有限公司,北京,20k-30k,朝阳区,2018-07-19 11:47:30,"['电商', '高级', 'php', 'Java', '系统开发']",50-150人,开发/测试/运维类,后端开发,0
Python实训讲师,3-5年,大专,全职,A轮,移动互联网,千锋教育,北京千锋互联科技有限公司,北京,15k-30k,海淀区,2018-07-18 09:16:17,[],500-2000人,开发|测试|运维类,后端开发,0
Python工程师(新闻类),3-5年,大专,全职,A轮,移动互联网,中金中富,中金中富（北京）文化传媒有限公司,北京,20k-30k,朝阳区,2018-07-19 14:28:58,"['高级', '爬虫']",150-500人,开发/测试/运维类,后端开发,0
Python研发工程师,3-5年,大专,全职,A轮,"移动互联网,企业服务",诚信互通,上海诚信互通网络信息科技有限公司,北京,15k-30k,海淀区,2018-07-18 13:59:24,"['资深', 'php', 'Java']",150-500人,开发/测试/运维类,前端开发/移动开发,0
Python开发工程师,3-5年,大专,全职,B轮,"O2O,医疗健康",医渡云（北京）技术有限公司,医渡云（北京）技术有限公司,北京,18K-35K,海淀区,2018-07-19 11:08:36,"['php', 'MySQL', 'redis']",150-500人,开发/测试/运维类,后端开发,0
高级python工程师,3-5年,大专,全职,B轮,"移动互联网,教育",新东方教育行业研究院,北京点石经纬科技有限公司,北京,15k-30k,海淀区,2018-06-25 19:14:49,"['linux', 'Java']",150-500人,开发/测试/运维类,后端开发,0
Python开发,3-5年,大专,全职,不需要融资,"电子商务,企业服务",通力互联,北京通力互联技术服务有限公司,北京,9k-18k,海淀区,2018-07-12 10:17:24,"['MySQL', '数据库']",2000人以上,开发/测试/运维类,后端开发,0
python工程师,3-5年,大专,全职,B轮,"移动互联网,金融",花生米富,小小黛朵（北京）科技有限公司,北京,16k-20k,海淀区,2018-07-19 10:36:55,[],150-500人,开发/测试/运维类,后端开发,0
Python高级开发工程师,3-5年,大专,全职,A轮,"移动互联网,硬件",库神,北京库神信息技术有限公司,北京,13K-25K,海淀区,2018-07-18 14:34:51,[],50-150人,开发/测试/运维类,后端开发,0
Python项目经理,3-5年,大专,全职,未融资,教育,北京八维研修学院,北京市海淀区八维计算机培训学校,北京,18K-35K,海淀区,2018-07-17 15:00:10,"['专家', '总监', '资深', 'linux', 'C++']",2000人以上,开发/测试/运维类,软件开发,0
Python开发,3-5年,大专,全职,A轮,"金融,医疗健康",易美健,易思互动（北京）科技有限公司,北京,20k-40k,海淀区,2018-07-12 16:31:49,"['信息安全', '资深', '高级', '中级', 'Java']",50-150人,开发/测试/运维类,后端开发,0
Linux C++/Python开发工程师,3-5年,大专,全职,B轮,数据服务,好巧,北京好巧国际旅行社有限公司,北京,15k-25k,朝阳区,2018-07-19 08:59:32,"['后端开发', 'Java', 'golang']",150-500人,开发/测试/运维类,后端开发,0
python技术总监,3-5年,大专,全职,A轮,移动互联网,千锋教育,北京千锋互联科技有限公司,北京,25k-50k,海淀区,2018-07-18 09:16:16,[],500-2000人,开发/测试/运维类,后端开发,0
python开发,3-5年,大专,全职,上市公司,金融,金证股份,深圳市金证科技股份有限公司,北京,10k-20k,朝阳区,2018-07-18 15:15:04,"['移动互联网', 'Java', '架构']",2000人以上,开发/测试/运维类,后端开发,0
python后端,3-5年,大专,全职,未融资,"移动互联网,旅游",乐飞天下,乐飞天下信息技术(北京)有限公司,北京,15k-25k,朝阳区,2018-07-19 10:01:51,"['高级', '中级', '后端开发', 'web', '数据分析']",15-50人,开发/测试/运维类,后端开发,0
Python中高级开发工程师,3-5年,大专,全职,B轮,"移动互联网,电子商务",近邻宝,中科富创（北京）科技有限公司,北京,20k-35k,朝阳区,2018-07-02 09:58:20,"['电商', '物流', 'php', 'Java']",500-2000人,开发/测试/运维类,后端开发,0
python工程师,3-5年,大专,全职,A轮,"电子商务,数据服务",食财有道,北京筷子信用管理有限公司,北京,10k-15k,朝阳区,2018-07-02 11:31:41,"['软件开发', 'Java', '爬虫']",150-500人,开发/测试/运维类,软件开发,0
Python开发工程师,3-5年,大专,全职,不需要融资,"金融,移动互联网",马上金融,马上消费金融股份有限公司,北京,20k-30k,朝阳区,2018-07-04 10:06:04,"['linux', '数据库']",2000人以上,开发/测试/运维类,后端开发,0
java 工程师（爬虫方向）,3-5年,大专,全职,上市公司,"社交网络,金融",人人网,北京千橡网景科技发展有限公司,北京,10k-20k,朝阳区,2018-07-16 12:17:23,"['数据分析', '分布式']",2000人以上,开发/测试/运维类,数据开发,0
爬虫工程师,3-5年,大专,全职,上市公司,"移动互联网,电子商务",数币科技,北京数币科技有限公司,北京,18k-28k,海淀区,2018-06-24 18:13:46,"['Python', 'Shell', 'LUA', 'Java', '后端']",150-500人,开发/测试/运维类,后端开发,0
Python在线讲师,3-5年,大专,全职,A轮,移动互联网,千锋教育,北京千锋互联科技有限公司,北京,15k-30k,海淀区,2018-07-18 09:16:17,[],500-2000人,开发|测试|运维类,后端开发,0
